{"title":"Population Pharmacokinetic Report","markdown":{"headingText":"EXECUTIVE SUMMARY","headingAttr":{"id":"sec-executive-summary","classes":[],"keyvalue":[]},"containsRefs":false,"markdown":"\n\\textit{{Drug X, an oral tablet which is being developed by company A and is used to treat Disease Y, has undergone N number of completed studies. A population PK analysis was performed to characterize the PK and identify sources of variability in the PK  based on rich and sparse samples collected in Phase 1 and Phase 3 studies. As part of the population PK analysis, data from NN subjects was utilized where the doses were ranging from 5 mg- 100 mg Q3W.\nThe data was adequately described using a 1-compartment model with a first-order absorption rate constant (Ka) with lag time (Tlag). A bootstrap method resulted in model reduction compared to reducing the full model with the additional of all the covariates like (age, sex, baseline body weight, race, baseline GFR, drug product)  by removing covariates for which the 95% PIs included the null value relative to the reference compared stepwise covariate modeling using forward addition and backward elimination. Both continuous and categorical variables were evaluated and. The final population estimates of CL/F and V/F for drug X were 19.49 L/h and 198.72 L, respectively, and are for a male patient who is 92.5 kg, has a CRCL of 116.5 mL/min, and is taking a dose of 150 mg. Based on the population PK model, the half-life of drug X was 7.07 The effect of creatinine clearance was added on CL/F since the drug was previously demonstrated as important  as Drug X is expected to undergo renal excretion. Baseline body weight of each subjects was modeled as covariate on the CL, VC using a power function and the the estimates are  respectively.Sex was a significant covariate on CL and VC (Figure 6), with male subjects having a higher CL and higher Vc than female subjects.\nFinal Model-based simulations were performed to evaluate drug X CL under various conditions, estimate effective half-life, predict exposure metrics for 60 mg Q4W vs 30 mg Q2W dose regimens, and assess the clinical relevance of covariates of interest such as sex, hepatic function, renal function, race, manufacture process, and shorter infusion time in the final PPK model. Results suggest that exposures were higher in female subjects than males for subjects who received 60 mg Q4W. The predicted geometric means of drug X exposure (Cmin1, Cmax1, Cavg1, Cavd28, Cminss, Cmaxss, and Cavgss) at 60 mg Q4W and 30 mg Q2W are summarized in Table 5.  As expected, Cavgss was similar across the two different regimens (difference < 5%). The exposures were higher with drug X 30 mg Q2W relative to 60 mg Q4W by approximately 51% for Cmind28 and 42% for Cminss. The exposures were lower with drug X 30 mg Q2W relative to 60 mg Q4W by approximately 50% for Cmax1 and 31% for Cmaxss, which were also expected.\n}}","srcMarkdownNoYaml":""},"formats":{"pdf":{"identifier":{"display-name":"PDF","target-format":"pdf","base-format":"pdf"},"execute":{"fig-width":5.5,"fig-height":3.5,"fig-format":"pdf","fig-dpi":300,"df-print":"default","error":false,"eval":true,"cache":null,"freeze":false,"echo":true,"output":true,"warning":true,"include":true,"keep-md":false,"keep-ipynb":false,"ipynb":null,"enabled":null,"daemon":null,"daemon-restart":false,"debug":false,"ipynb-filters":[],"ipynb-shell-interactivity":null,"plotly-connected":true,"engine":"markdown"},"render":{"keep-tex":true,"keep-typ":false,"keep-source":false,"keep-hidden":false,"prefer-html":false,"output-divs":true,"output-ext":"pdf","fig-align":"default","fig-pos":null,"fig-env":null,"code-fold":"none","code-overflow":"scroll","code-link":false,"code-line-numbers":false,"code-tools":false,"tbl-colwidths":true,"merge-includes":true,"inline-includes":false,"preserve-yaml":false,"latex-auto-mk":true,"latex-auto-install":true,"latex-clean":true,"latex-min-runs":1,"latex-max-runs":10,"latex-makeindex":"makeindex","latex-makeindex-opts":[],"latex-tlmgr-opts":[],"latex-input-paths":[],"latex-output-dir":null,"link-external-icon":false,"link-external-newwindow":false,"self-contained-math":false,"format-resources":[]},"pandoc":{"pdf-engine":"xelatex","standalone":true,"variables":{"graphics":true,"tables":true},"default-image-extension":"pdf","to":"pdf","toc":true,"number-sections":true,"include-in-header":["../engine/header.tex"],"output-file":"executive_summary.pdf"},"language":{"toc-title-document":"Table of contents","toc-title-website":"On this page","related-formats-title":"Other Formats","related-notebooks-title":"Notebooks","source-notebooks-prefix":"Source","other-links-title":"Other Links","code-links-title":"Code Links","launch-dev-container-title":"Launch Dev Container","launch-binder-title":"Launch Binder","article-notebook-label":"Article Notebook","notebook-preview-download":"Download Notebook","notebook-preview-download-src":"Download Source","notebook-preview-back":"Back to Article","manuscript-meca-bundle":"MECA Bundle","section-title-abstract":"Abstract","section-title-appendices":"Appendices","section-title-footnotes":"Footnotes","section-title-references":"References","section-title-reuse":"Reuse","section-title-copyright":"Copyright","section-title-citation":"Citation","appendix-attribution-cite-as":"For attribution, please cite this work as:","appendix-attribution-bibtex":"BibTeX citation:","appendix-view-license":"View License","title-block-author-single":"Author","title-block-author-plural":"Authors","title-block-affiliation-single":"Affiliation","title-block-affiliation-plural":"Affiliations","title-block-published":"Published","title-block-modified":"Modified","title-block-keywords":"Keywords","callout-tip-title":"Tip","callout-note-title":"Note","callout-warning-title":"Warning","callout-important-title":"Important","callout-caution-title":"Caution","code-summary":"Code","code-tools-menu-caption":"Code","code-tools-show-all-code":"Show All Code","code-tools-hide-all-code":"Hide All Code","code-tools-view-source":"View Source","code-tools-source-code":"Source Code","tools-share":"Share","tools-download":"Download","code-line":"Line","code-lines":"Lines","copy-button-tooltip":"Copy to Clipboard","copy-button-tooltip-success":"Copied!","repo-action-links-edit":"Edit this page","repo-action-links-source":"View source","repo-action-links-issue":"Report an issue","back-to-top":"Back to top","search-no-results-text":"No results","search-matching-documents-text":"matching documents","search-copy-link-title":"Copy link to search","search-hide-matches-text":"Hide additional matches","search-more-match-text":"more match in this document","search-more-matches-text":"more matches in this document","search-clear-button-title":"Clear","search-text-placeholder":"","search-detached-cancel-button-title":"Cancel","search-submit-button-title":"Submit","search-label":"Search","toggle-section":"Toggle section","toggle-sidebar":"Toggle sidebar navigation","toggle-dark-mode":"Toggle dark mode","toggle-reader-mode":"Toggle reader mode","toggle-navigation":"Toggle navigation","crossref-fig-title":"Figure","crossref-tbl-title":"Table","crossref-lst-title":"Listing","crossref-thm-title":"Theorem","crossref-lem-title":"Lemma","crossref-cor-title":"Corollary","crossref-prp-title":"Proposition","crossref-cnj-title":"Conjecture","crossref-def-title":"Definition","crossref-exm-title":"Example","crossref-exr-title":"Exercise","crossref-ch-prefix":"Chapter","crossref-apx-prefix":"Appendix","crossref-sec-prefix":"Section","crossref-eq-prefix":"Equation","crossref-lof-title":"List of Figures","crossref-lot-title":"List of Tables","crossref-lol-title":"List of Listings","environment-proof-title":"Proof","environment-remark-title":"Remark","environment-solution-title":"Solution","listing-page-order-by":"Order By","listing-page-order-by-default":"Default","listing-page-order-by-date-asc":"Oldest","listing-page-order-by-date-desc":"Newest","listing-page-order-by-number-desc":"High to Low","listing-page-order-by-number-asc":"Low to High","listing-page-field-date":"Date","listing-page-field-title":"Title","listing-page-field-description":"Description","listing-page-field-author":"Author","listing-page-field-filename":"File Name","listing-page-field-filemodified":"Modified","listing-page-field-subtitle":"Subtitle","listing-page-field-readingtime":"Reading Time","listing-page-field-wordcount":"Word Count","listing-page-field-categories":"Categories","listing-page-minutes-compact":"{0} min","listing-page-category-all":"All","listing-page-no-matches":"No matching items","listing-page-words":"{0} words","listing-page-filter":"Filter","draft":"Draft"},"metadata":{"block-headings":true,"reoport-number":"PPK-001","title":"Population Pharmacokinetic Report","drug-name":"Drug A","indication":"Nothing","study-number":12345,"sponser":"ISOP","author":"MMJ","review":"MMJ","approve":"MMJ","date":"today","date-format":"DD MMM YYYY","status":"DRAFT","copyright":"This is a Company Name. document that contains confidential information. It is intended solely for the recipient and must not be disclosed to any other party. This material may be used only for evaluating or conducting clinical investigations; any other proposed use requires written consent from Company Name.\n","documentclass":"scrreprt","template-partials":["../engine/partials/before-body.tex","../engine/partials/title.tex"],"toccolor":"blue","lof":true,"lot":true,"toc-title":"Contents","link-citations":true,"colorlinks":true,"classoption":["toc=chapterentrywithdots","11pt","headings=small"],"crossref":{"lof-title":"Figures in-text","lot-title":"Tables in-text","appendix-title":"Supplementary materials"},"hyperrefoptions":["linktoc=all","pdfpagemode=FullScreen","bookmarks=true"],"geometry":["margin=.75in","left=1in","right=1in","top=1in","bottom=3cm","footskip=2cm","marginparwidth=1in","marginparsep=0.75cm"],"mainfont":"Times New Roman","mainfontoptions":["Path=./engine/misc/Times/","Extension=.ttf","UprightFont=*","BoldFont=* Bold"],"sansfont":"Times New Roman","sansfontoptions":["Path=./engine/misc/Times/","Extension=.ttf","UprightFont=*","BoldFont=* Bold"]},"extensions":{"book":{"selfContainedOutput":true}}}},"projectFormats":["pdf"]}