{"title":"Population Pharmacokinetic Report","markdown":{"headingText":"RESULTS","headingAttr":{"id":"sec-results","classes":[],"keyvalue":[]},"containsRefs":false,"markdown":"\nFor each analysis (e.g. PopPK, PK/PD analysis, exposure-response analysis and simulations), an own sub-section should be included. \n\n```{r}\n#| message: false\n#| warning: false\n#| echo: false\n\nlibrary(xpose4)\nlibrary(xpose)\n#install.packages(\"plotly\")\n\n```\n\n## Exploratory Data Analysis \n\nConcentration-time profiles of drug X following oral administration of the first dose on Day 1 in healthy subjects are presented in Figure 2. Additional concentration-time profiles of drug X are presented in Appendix 2. A list of samples excluded from the analysis is presented in Appendix 2. \nDrug X was rapidly absorbed following oral administration and declined in a multi-exponential manner. Doses ranged from 5 mg to 100 mg. Drug X exposure was dose proportional, and the accumulation ratio based on 80 mg once daily dosing was 1.3 in Study 123. \n\n\n## Model Development \n\n### Base Model \n\n\nA population PK analysis was performed based on rich and sparse samples collected in Phase 1 and Phase 3 studies in order to identify the structural model. Highlights of the base population PK analysis are presented below and in Appendix 2.\n1- and 2-compartment models with linear elimination were tested. The 1-compartment model resulted in the lowest OFV. A first-order absorption rate constant (Ka) with lag time (Tlag) was used to characterize the rapid absorption of drug X. A mixed error model (additive and proportional) resulted in a substantially lower OFV relative to proportional or additive error models.\nAdditional model refinements are presented below.\nAn allometric function accounting for body weight effect on clearance (CL/F) and volume of distribution (V/F) was included in the model (run008). In addition, the effect of creatinine clearance was added on CL/F since the drug was previously demonstrated to undergo important renal excretion (run019).\n\n```{r}\n#| message: false\n#| warning: false\n#| echo: false\n\n# Define your PDF path\nsetwd(\"/cloud/project/ISOP_Template/isop-template-ms-main/example_ppk_nonmem_1/\")\n\n# Convert the first page of the PDF to an image\nxpdb <- xpose.data(1)# Higher dpi gives better quality\nxpdb1<-xpose_data(runno = '1')\nprm_table(xpdb1)\n\n\nbasic.gof(xpdb,col=1,type='p')\n\n\n\nsamp.id<-sample(xpdb@Data$ID,12)  # 12 random IDs\n\nind.plots(xpdb,subset=\"ID%in%samp.id\")\n\n\nranpar.hist(xpdb)\n\n\nranpar.qq(xpdb)\n\n\nranpar.splom(xpdb)\n\n\nranpar.vs.cov(xpdb)\n\n```\n\n### Covariate Model \n\nPotential relationships between PK parameters (random effects) of drug X and categorical and continuous covariates from the base PK model (run019) are presented in Appendix 2. A stepwise covariate analysis was performed to identify sources of variability in PK parameters of drug X.\nResults for covariate analysis are presented in Appendix 2. A summary of covariates resulting in the maximum reduction of the OFV and included in each step of the analysis is presented in Table 6.\n\nCovariates were evaluated using a forward inclusion approach with p<0.01 (ΔOFV>6.6349). The effect of fasted status on Ka resulted in the most important decrease in OFV as part of the first step of the analysis (ΔOVF = -322.051). In the second step, the effect of dose on CL/F resulted in the most important decrease in OFV (ΔOVF = -161.224). In the 3rd and 4th steps, the effect of gender on V/F and CL/F resulted in the most important decrease in OFV (ΔOVF = -50.805and -72.726, respectively). In the 5th step, the effect of ESRD on CL/F resulted in the most important decrease in OFV (ΔOVF = -16.624). In the 6th step, the effect of dose on Ka resulted in the most important decrease in OFV (ΔOVF = -71.311). In the 7th step, the effect of formulation Ka resulted in the most important decrease in OFV (ΔOVF = -21.636). In the 8th step, the effect of disease status (healthy subjects vs. narcolepsy/OSA patients) resulted in the most important decrease in OFV (ΔOVF = -17.684). Additional information is available in Appendix 2 (Section 12.36). \nDuring the backward testing, none of the covariate were removed. Additional information is available in Appendix 2. \nThe bootstrap method was used to reduce the full model by removing covariates for which the 95% PIs included the null value relative to the reference population. Based on the estimates of the population PK model, concentration-time profiles of drug X were simulated (1000 replicates). Statistically significant covariates were retained in the reduced final model if the nonparametric 95% PIs excluded the null value relative to the reference population. All the covariates tested in the full model resulted in a statistically significant effect,  and were retained in the final model.\n\n```{r}\n#| message: false\n#| warning: false\n#| echo: false\n\n# Define table data\nmetadata <- list(\n  steps = 1:6,\n  covariates = c(\n    \"Fasted status on Ka\", \n    \"Dose on CL/F\", \n    \"Gender on V/F\", \n    \"Dose on Ka\", \n    \"Formulation on Ka\", \n    \"Disease Status on CL/F\"\n  ),\n  base_ofv = c(93576, 93254, 93092, 93042, 92881, 92859),\n  new_ofv = c(93254, 93092, 93042, 92969, 92859, 92842),\n  delta_ofv = c(-322, -161, -50, -72, -21, -17)\n)\n\n# Create a data frame from the metadata\ntable_data <- data.frame(\n  Step = metadata$steps,\n  Covariates = metadata$covariates,\n  `Base_OFV` = metadata$base_ofv,\n  `New_OFV` = metadata$new_ofv,\n  `ΔOFV` = metadata$delta_ofv\n)\n\n# Display the table\nlibrary(knitr)\nkable(table_data, caption = \"Covariate Model Results\")\n\n```\n\n### Final Model \n\nTypical population PK parameters of drug X derived with the final model (run005) are presented in Table 7. The continuous covariates (CRCL and weight) were centered to a reference value in the population PK analysis (116.5 mL/min and 92.5 kg). The reference value is <1% different than the median value in the Phase 3 studies.\n\nThe population estimates of CL/F and V/F for drug X were 19.49 L/h and 198.72 L, respectively, and are for a male patient who is 92.5 kg, has a CRCL of 116.5 mL/min, and is taking a dose of 150 mg. Based on the population PK model, the half-life of drug X was 7.07 h.\n\n```{r}\n#| message: false\n#| warning: false\n#| echo: false\n\nsetwd(\"/cloud/project/ISOP_Template/isop-template-ms-main/example_ppk_nonmem_1/\")\n# Convert the first page of the PDF to an image\nxpdb2 <- xpose.data(2)# Higher dpi gives better quality\n\nxpdb2a<-xpose_data(runno = '2')\nprm_table(xpdb2a)\n\n#xpdb2a <- update_themes(xpdb2a,theme_xp_xpose4)\n\n\n## Basic goodness-of-fit plots\n### Plots of the independent variable (IDV)\ndv_vs_idv(xpdb2a)\nipred_vs_idv(xpdb2a)\npred_vs_idv(xpdb2a)\ndv_preds_vs_idv(xpdb2a)\n\n### DV vs. PREDs plots\n\ndv_vs_pred(xpdb2a)\ndv_vs_ipred(xpdb2a)\n\n### Residula plots \n\nres_vs_idv(xpdb2a, res = 'CWRES')\nres_vs_pred(xpdb2a, res = 'CWRES')\nabsval_res_vs_idv(xpdb2a, res = 'CWRES')\nabsval_res_vs_pred(xpdb2a, res = 'CWRES')\n\n### Individual Plots \n\nind_plots(xpdb2a, page = 1)\n\n## Distributions\n### Histograms and density plots\n\nprm_distrib(xpdb2a) \neta_distrib(xpdb2a)\nres_distrib(xpdb2a)\ncov_distrib(xpdb2a)\n\n# xpdb2a %>% \n#   eta_distrib(title = 'Eta distribution') %>% \n#   plotly::ggplotly()\n### QQ plots\n\nprm_qq(xpdb2a)\neta_qq(xpdb2a)\nres_qq(xpdb2a)\ncov_qq(xpdb2a)\n\n```\n\n## Model Evaluation \n\nVisual predictive checks were performed for the full PPK model stratified by patient population and dosing regimens, and the results are in Figure 5. Overall, the pcVPC results indicate that the model adequately characterized the data and predicted concentrations to be used for E-R efficacy and safety analyses. The observed 5th, 50th (median), and 95th percentiles generally fall within the 90% PI (the shaded band) up to the first 60 days after the previous dose and the first 600 days after the first dose (trough concentrations). A pcVPC stratified by body weight is provided in Appendix 3.\n\n```{r}\n#| message: false\n#| warning: false\n#| echo: false\n\nvpc_data(xpdb2a, opt = vpc_opt(pred_corr = TRUE), vpc_type=\"continuous\", psn_folder='/cloud/project/ISOP_Template/isop-template-ms-main/example_ppk_nonmem_1/vpc_dir5') %>%\nvpc()\n\n```\n\n## Model Application \n\nModel-based simulations were performed to evaluate drug X CL under various conditions, estimate effective half-life, predict exposure metrics for 60 mg Q4W vs 30 mg Q2W dose regimens, and assess the clinical relevance of covariates of interest such as sex, hepatic function, renal function, race, manufacture process, and shorter infusion time in the final PPK model. The final model was used in these simulations.\n\n### Covariate Model Evaluation of Effect of Sex\n\nSex was a significant covariate on CL and VC (Figure 6), with male subjects having a higher CL and higher Vc than female subjects. Comparisons of model predicted drug exposure at 60 mg Q4W by sex are presented in Figure 6. In general, exposures were higher in female subjects than males for subjects who received 60 mg Q4W.  \n\n\nSex was a significant covariate on CL and VC (Figure 6), with male subjects having a higher CL and higher Vc than female subjects. Comparisons of model predicted drug exposure at 60 mg Q4W by sex are presented in Figure 6. In general, exposures were higher in female subjects than males for subjects who received 60 mg Q4W.  \n\n### Covariate Model Comparison of 30 mg Q2W and 60 Q4W Regimens\n\nThe predicted geometric means of drug X exposure (Cmin1, Cmax1, Cavg1, Cavd28, Cminss, Cmaxss, and Cavgss) at 60 mg Q4W and 30 mg Q2W are summarized in Table 5.  As expected, Cavgss was similar across the two different regimens (difference < 5%). The exposures were higher with drug X 30 mg Q2W relative to 60 mg Q4W by approximately 51% for Cmind28 and 42% for Cminss. The exposures were lower with drug X 30 mg Q2W relative to 60 mg Q4W by approximately 50% for Cmax1 and 31% for Cmaxss, which were also expected.\n\n","srcMarkdownNoYaml":""},"formats":{"pdf":{"identifier":{"display-name":"PDF","target-format":"pdf","base-format":"pdf"},"execute":{"fig-width":5.5,"fig-height":3.5,"fig-format":"pdf","fig-dpi":300,"df-print":"default","error":false,"eval":true,"cache":null,"freeze":false,"echo":true,"output":true,"warning":true,"include":true,"keep-md":false,"keep-ipynb":false,"ipynb":null,"enabled":null,"daemon":null,"daemon-restart":false,"debug":false,"ipynb-filters":[],"ipynb-shell-interactivity":null,"plotly-connected":true,"engine":"knitr"},"render":{"keep-tex":true,"keep-typ":false,"keep-source":false,"keep-hidden":false,"prefer-html":false,"output-divs":true,"output-ext":"pdf","fig-align":"default","fig-pos":null,"fig-env":null,"code-fold":"none","code-overflow":"scroll","code-link":false,"code-line-numbers":false,"code-tools":false,"tbl-colwidths":true,"merge-includes":true,"inline-includes":false,"preserve-yaml":false,"latex-auto-mk":true,"latex-auto-install":true,"latex-clean":true,"latex-min-runs":1,"latex-max-runs":10,"latex-makeindex":"makeindex","latex-makeindex-opts":[],"latex-tlmgr-opts":[],"latex-input-paths":[],"latex-output-dir":null,"link-external-icon":false,"link-external-newwindow":false,"self-contained-math":false,"format-resources":[]},"pandoc":{"pdf-engine":"xelatex","standalone":true,"variables":{"graphics":true,"tables":true},"default-image-extension":"pdf","to":"pdf","toc":true,"number-sections":true,"include-in-header":["../engine/header.tex"],"output-file":"results.pdf"},"language":{"toc-title-document":"Table of contents","toc-title-website":"On this page","related-formats-title":"Other Formats","related-notebooks-title":"Notebooks","source-notebooks-prefix":"Source","other-links-title":"Other Links","code-links-title":"Code Links","launch-dev-container-title":"Launch Dev Container","launch-binder-title":"Launch Binder","article-notebook-label":"Article Notebook","notebook-preview-download":"Download Notebook","notebook-preview-download-src":"Download Source","notebook-preview-back":"Back to Article","manuscript-meca-bundle":"MECA Bundle","section-title-abstract":"Abstract","section-title-appendices":"Appendices","section-title-footnotes":"Footnotes","section-title-references":"References","section-title-reuse":"Reuse","section-title-copyright":"Copyright","section-title-citation":"Citation","appendix-attribution-cite-as":"For attribution, please cite this work as:","appendix-attribution-bibtex":"BibTeX citation:","appendix-view-license":"View License","title-block-author-single":"Author","title-block-author-plural":"Authors","title-block-affiliation-single":"Affiliation","title-block-affiliation-plural":"Affiliations","title-block-published":"Published","title-block-modified":"Modified","title-block-keywords":"Keywords","callout-tip-title":"Tip","callout-note-title":"Note","callout-warning-title":"Warning","callout-important-title":"Important","callout-caution-title":"Caution","code-summary":"Code","code-tools-menu-caption":"Code","code-tools-show-all-code":"Show All Code","code-tools-hide-all-code":"Hide All Code","code-tools-view-source":"View Source","code-tools-source-code":"Source Code","tools-share":"Share","tools-download":"Download","code-line":"Line","code-lines":"Lines","copy-button-tooltip":"Copy to Clipboard","copy-button-tooltip-success":"Copied!","repo-action-links-edit":"Edit this page","repo-action-links-source":"View source","repo-action-links-issue":"Report an issue","back-to-top":"Back to top","search-no-results-text":"No results","search-matching-documents-text":"matching documents","search-copy-link-title":"Copy link to search","search-hide-matches-text":"Hide additional matches","search-more-match-text":"more match in this document","search-more-matches-text":"more matches in this document","search-clear-button-title":"Clear","search-text-placeholder":"","search-detached-cancel-button-title":"Cancel","search-submit-button-title":"Submit","search-label":"Search","toggle-section":"Toggle section","toggle-sidebar":"Toggle sidebar navigation","toggle-dark-mode":"Toggle dark mode","toggle-reader-mode":"Toggle reader mode","toggle-navigation":"Toggle navigation","crossref-fig-title":"Figure","crossref-tbl-title":"Table","crossref-lst-title":"Listing","crossref-thm-title":"Theorem","crossref-lem-title":"Lemma","crossref-cor-title":"Corollary","crossref-prp-title":"Proposition","crossref-cnj-title":"Conjecture","crossref-def-title":"Definition","crossref-exm-title":"Example","crossref-exr-title":"Exercise","crossref-ch-prefix":"Chapter","crossref-apx-prefix":"Appendix","crossref-sec-prefix":"Section","crossref-eq-prefix":"Equation","crossref-lof-title":"List of Figures","crossref-lot-title":"List of Tables","crossref-lol-title":"List of Listings","environment-proof-title":"Proof","environment-remark-title":"Remark","environment-solution-title":"Solution","listing-page-order-by":"Order By","listing-page-order-by-default":"Default","listing-page-order-by-date-asc":"Oldest","listing-page-order-by-date-desc":"Newest","listing-page-order-by-number-desc":"High to Low","listing-page-order-by-number-asc":"Low to High","listing-page-field-date":"Date","listing-page-field-title":"Title","listing-page-field-description":"Description","listing-page-field-author":"Author","listing-page-field-filename":"File Name","listing-page-field-filemodified":"Modified","listing-page-field-subtitle":"Subtitle","listing-page-field-readingtime":"Reading Time","listing-page-field-wordcount":"Word Count","listing-page-field-categories":"Categories","listing-page-minutes-compact":"{0} min","listing-page-category-all":"All","listing-page-no-matches":"No matching items","listing-page-words":"{0} words","listing-page-filter":"Filter","draft":"Draft"},"metadata":{"block-headings":true,"reoport-number":"PPK-001","title":"Population Pharmacokinetic Report","drug-name":"Drug A","indication":"Nothing","study-number":12345,"sponser":"ISOP","author":"MMJ","review":"MMJ","approve":"MMJ","date":"today","date-format":"DD MMM YYYY","status":"DRAFT","copyright":"This is a Company Name. document that contains confidential information. It is intended solely for the recipient and must not be disclosed to any other party. This material may be used only for evaluating or conducting clinical investigations; any other proposed use requires written consent from Company Name.\n","documentclass":"scrreprt","template-partials":["../engine/partials/before-body.tex","../engine/partials/title.tex"],"toccolor":"blue","lof":true,"lot":true,"toc-title":"Contents","link-citations":true,"colorlinks":true,"classoption":["toc=chapterentrywithdots","11pt","headings=small"],"crossref":{"lof-title":"Figures in-text","lot-title":"Tables in-text","appendix-title":"Supplementary materials"},"hyperrefoptions":["linktoc=all","pdfpagemode=FullScreen","bookmarks=true"],"geometry":["margin=.75in","left=1in","right=1in","top=1in","bottom=3cm","footskip=2cm","marginparwidth=1in","marginparsep=0.75cm"],"mainfont":"Times New Roman","mainfontoptions":["Path=./engine/misc/Times/","Extension=.ttf","UprightFont=*","BoldFont=* Bold"],"sansfont":"Times New Roman","sansfontoptions":["Path=./engine/misc/Times/","Extension=.ttf","UprightFont=*","BoldFont=* Bold"]},"extensions":{"book":{"selfContainedOutput":true}}}},"projectFormats":["pdf"]}