{
  "hash": "27ee1a6df05e68c93c15f8a163f4c431",
  "result": {
    "engine": "knitr",
    "markdown": "# INTRODUCTION {#sec-introduction} \n\n## Exploratory Data Analysis \n\n\n\n\n\n::: {.cell}\n\n:::\n\n\n\n\n\n## PK Plots \n\n\n\n\n\n::: {.cell}\n::: {.cell-output-display}\n![](introduction_files/figure-pdf/unnamed-chunk-2-1.pdf)\n:::\n:::\n\n\n\n\n\n## Covariate Summary \n\n\n\n\n\n::: {.cell}\n::: {.cell-output-display}\n![](introduction_files/figure-pdf/unnamed-chunk-3-1.pdf)\n:::\n:::\n",
    "supporting": [
      "introduction_files"
    ],
    "filters": [
      "rmarkdown/pagebreak.lua"
    ],
    "includes": {},
    "engineDependencies": {
      "knitr": [
        "{\"type\":\"list\",\"attributes\":{},\"value\":[]}"
      ]
    },
    "preserve": null,
    "postProcess": false
  }
}